{"cameraMode":{"drawMode":0,"name":"Shaded","section":"Shading Mode"},"sceneLighting":false,"audioPlay":false,"sceneViewState":{"showFog":true,"showMaterialUpdate":false,"showSkybox":false,"showFlares":true,"showImageEffects":true,"showParticleSystems":true},"in2DMode":false,"pivot":{"x":0.0034999847412109377,"y":-4.331999778747559,"z":0.0},"rotation":{"x":-0.014998027123510838,"y":0.013498079031705857,"z":0.00020247937936801463,"w":0.9997965693473816},"size":2.3061158657073976,"orthographic":false}