{"cameraMode":{"drawMode":0,"name":"Shaded","section":"Shading Mode"},"sceneLighting":true,"audioPlay":false,"sceneViewState":{"showFog":true,"showMaterialUpdate":false,"showSkybox":true,"showFlares":true,"showImageEffects":true,"showParticleSystems":true},"in2DMode":false,"pivot":{"x":-43.31675720214844,"y":4.474838733673096,"z":0.08000046014785767},"rotation":{"x":0.10551794618368149,"y":0.6255583167076111,"z":-0.08592305332422257,"w":0.7682188153266907},"size":27.02725601196289,"orthographic":false}